{"cameraMode":{"drawMode":0,"name":"Shaded","section":"Shading Mode"},"sceneLighting":false,"audioPlay":false,"sceneViewState":{"m_AlwaysRefresh":false,"showFog":true,"showSkybox":false,"showFlares":true,"showImageEffects":true,"showParticleSystems":true,"showVisualEffectGraphs":true,"m_FxEnabled":true},"in2DMode":false,"pivot":{"x":-0.018510758876800538,"y":0.17057006061077119,"z":-0.09969976544380188},"rotation":{"x":0.060894809663295749,"y":0.9032834768295288,"z":-0.13680332899093629,"w":0.4020836651325226},"size":0.8660253882408142,"orthographic":false}