{"cameraMode":{"drawMode":0,"name":"Shaded","section":"Shading Mode"},"sceneLighting":false,"audioPlay":false,"sceneViewState":{"m_AlwaysRefresh":false,"showFog":true,"showSkybox":false,"showFlares":true,"showImageEffects":true,"showParticleSystems":true,"showVisualEffectGraphs":true,"m_FxEnabled":true},"in2DMode":false,"pivot":{"x":-0.4922550320625305,"y":-0.11942848563194275,"z":-0.4195055365562439},"rotation":{"x":0.21408815681934358,"y":0.7858873009681702,"z":-0.4064593017101288,"w":0.41395190358161929},"size":1.207395076751709,"orthographic":false}