{"cameraMode":{"drawMode":0,"name":"Shaded","section":"Shading Mode"},"sceneLighting":false,"audioPlay":false,"sceneViewState":{"m_AlwaysRefresh":false,"showFog":true,"showSkybox":false,"showFlares":true,"showImageEffects":true,"showParticleSystems":true,"showVisualEffectGraphs":true,"m_FxEnabled":true},"in2DMode":false,"pivot":{"x":0.01069498062133789,"y":0.08407771587371826,"z":0.022555112838745118},"rotation":{"x":0.21408815681934358,"y":0.7858873009681702,"z":-0.4064593017101288,"w":0.41395190358161929},"size":1.207395076751709,"orthographic":false}