{"cameraMode":{"drawMode":0,"name":"Shaded","section":"Shading Mode"},"sceneLighting":false,"audioPlay":false,"sceneViewState":{"m_AlwaysRefresh":false,"showFog":true,"showSkybox":false,"showFlares":true,"showImageEffects":true,"showParticleSystems":true,"showVisualEffectGraphs":true,"m_FxEnabled":true},"in2DMode":false,"pivot":{"x":-0.1668948531150818,"y":-0.9025933742523193,"z":0.021178126335144044},"rotation":{"x":-0.07388279587030411,"y":0.06338796764612198,"z":-0.004732375033199787,"w":-0.9952675104141235},"size":0.6393967866897583,"orthographic":false}