{"cameraMode":{"drawMode":0,"name":"Shaded","section":"Shading Mode"},"sceneLighting":false,"audioPlay":false,"sceneViewState":{"m_AlwaysRefresh":false,"showFog":true,"showSkybox":false,"showFlares":true,"showImageEffects":true,"showParticleSystems":true,"showVisualEffectGraphs":true,"m_FxEnabled":true},"in2DMode":false,"pivot":{"x":-0.19493205845355988,"y":-0.5107272267341614,"z":0.6244596242904663},"rotation":{"x":0.012305371463298798,"y":0.020992480218410493,"z":-0.00025501911295577884,"w":0.9997179508209229},"size":1.8073949813842774,"orthographic":false}